{
	"info": {
		"_postman_id": "e918520a-7698-4c51-86ee-7a33e507e19c",
		"name": "Contact List",
		"schema": "https://schema.getpostman.com/json/collection/v2.1.0/collection.json",
		"_exporter_id": "40273866"
	},
	"item": [
		{
			"name": "Basic_Endpoint_Test",
			"item": [
				{
					"name": "Login",
					"event": [
						{
							"listen": "test",
							"script": {
								"exec": [
									"var jsondata = pm.response.json();\r",
									"pm.environment.set(\"token\", jsondata.token);"
								],
								"type": "text/javascript",
								"packages": {}
							}
						}
					],
					"request": {
						"auth": {
							"type": "noauth"
						},
						"method": "POST",
						"header": [],
						"body": {
							"mode": "raw",
							"raw": "{\r\n    \"email\":\"test.postman@test.com\",\r\n    \"password\": \"1234567\"\r\n}",
							"options": {
								"raw": {
									"language": "json"
								}
							}
						},
						"url": {
							"raw": "https://thinking-tester-contact-list.herokuapp.com/users/login",
							"protocol": "https",
							"host": [
								"thinking-tester-contact-list",
								"herokuapp",
								"com"
							],
							"path": [
								"users",
								"login"
							]
						}
					},
					"response": []
				},
				{
					"name": "Get_Contact_List",
					"event": [
						{
							"listen": "test",
							"script": {
								"exec": [
									"pm.test(\"Status code is 200\", function () {\r",
									"    pm.response.to.have.status(200);\r",
									"});\r",
									"pm.test(\"Content-Type is application/json\", function () {\r",
									"    pm.response.to.have.header(\"Content-type\", \"application/json; charset=utf-8\");\r",
									"});"
								],
								"type": "text/javascript",
								"packages": {}
							}
						}
					],
					"request": {
						"auth": {
							"type": "bearer",
							"bearer": [
								{
									"key": "token",
									"value": "{{token}}",
									"type": "string"
								}
							]
						},
						"method": "GET",
						"header": [],
						"url": {
							"raw": "https://thinking-tester-contact-list.herokuapp.com/contacts",
							"protocol": "https",
							"host": [
								"thinking-tester-contact-list",
								"herokuapp",
								"com"
							],
							"path": [
								"contacts"
							]
						}
					},
					"response": []
				},
				{
					"name": "Add_Contact",
					"event": [
						{
							"listen": "test",
							"script": {
								"exec": [
									"var jsondata = pm.response.json();\r",
									"pm.environment.set(\"contactiD\", jsondata._id);"
								],
								"type": "text/javascript",
								"packages": {}
							}
						}
					],
					"request": {
						"auth": {
							"type": "bearer",
							"bearer": [
								{
									"key": "token",
									"value": "eyJhbGciOiJIUzI1NiIsInR5cCI6IkpXVCJ9.eyJfaWQiOiI2NzU0Njg0ZDFiYWZkYTAwMTMwZTBmMWUiLCJpYXQiOjE3MzM1ODU4Mzl9.Pib6fdrXTPgbTTIf7CUTSFSMnYNdTCkYh4kuH7GUQvA",
									"type": "string"
								}
							]
						},
						"method": "POST",
						"header": [],
						"body": {
							"mode": "raw",
							"raw": "{\r\n    \"firstName\": \"{{firstname}}\",\r\n    \"lastName\": \"{{lastname}}\",\r\n    \"birthdate\": \"1970-01-01\",\r\n    \"email\": \"jdoe@fake.com\",\r\n    \"phone\": \"8005555555\",\r\n    \"street1\": \"1 Main St.\",\r\n    \"street2\": \"Apartment A\",\r\n    \"city\": \"Anytown\",\r\n    \"stateProvince\": \"KS\",\r\n    \"postalCode\": \"12345\",\r\n    \"country\": \"USA\"\r\n}",
							"options": {
								"raw": {
									"language": "json"
								}
							}
						},
						"url": {
							"raw": "https://thinking-tester-contact-list.herokuapp.com/contacts",
							"protocol": "https",
							"host": [
								"thinking-tester-contact-list",
								"herokuapp",
								"com"
							],
							"path": [
								"contacts"
							]
						}
					},
					"response": []
				},
				{
					"name": "Get_Single_Contact",
					"event": [
						{
							"listen": "test",
							"script": {
								"exec": [
									"var jsonData = pm.response.json();\r",
									"pm.test(\"Correct first name is returned\", function () {\r",
									"    pm.expect(jsonData.firstName).to.eql(environment.firstname);\r",
									"});\r",
									"pm.test(\"Correct last name is returned\", function () {\r",
									"    pm.expect(jsonData.lastName).to.eql(environment.lastname);\r",
									"});"
								],
								"type": "text/javascript",
								"packages": {}
							}
						}
					],
					"request": {
						"auth": {
							"type": "bearer",
							"bearer": [
								{
									"key": "token",
									"value": "eyJhbGciOiJIUzI1NiIsInR5cCI6IkpXVCJ9.eyJfaWQiOiI2NzU0Njg0ZDFiYWZkYTAwMTMwZTBmMWUiLCJpYXQiOjE3MzM1ODU4Mzl9.Pib6fdrXTPgbTTIf7CUTSFSMnYNdTCkYh4kuH7GUQvA",
									"type": "string"
								}
							]
						},
						"method": "GET",
						"header": [],
						"url": {
							"raw": "https://thinking-tester-contact-list.herokuapp.com/contacts/{{contactiD}}",
							"protocol": "https",
							"host": [
								"thinking-tester-contact-list",
								"herokuapp",
								"com"
							],
							"path": [
								"contacts",
								"{{contactiD}}"
							]
						}
					},
					"response": []
				},
				{
					"name": "Update_Contact",
					"request": {
						"auth": {
							"type": "bearer",
							"bearer": [
								{
									"key": "token",
									"value": "eyJhbGciOiJIUzI1NiIsInR5cCI6IkpXVCJ9.eyJfaWQiOiI2NzU0Njg0ZDFiYWZkYTAwMTMwZTBmMWUiLCJpYXQiOjE3MzM1ODU4Mzl9.Pib6fdrXTPgbTTIf7CUTSFSMnYNdTCkYh4kuH7GUQvA",
									"type": "string"
								}
							]
						},
						"method": "PUT",
						"header": [],
						"body": {
							"mode": "raw",
							"raw": "{\r\n    \"firstName\": \"Test\",\r\n    \"lastName\": \"3-Updated\",\r\n    \"birthdate\": \"2024-01-01\",\r\n    \"email\": \"fackuser3@gmail.com\",\r\n    \"phone\": \"8005555555\",\r\n    \"street1\": \"Street3\",\r\n    \"street2\": \"Apartment3\",\r\n    \"city\": \"Anytown\",\r\n    \"stateProvince\": \"KS\",\r\n    \"postalCode\": \"12345\",\r\n    \"country\": \"{{country}}\"\r\n}",
							"options": {
								"raw": {
									"language": "json"
								}
							}
						},
						"url": {
							"raw": "https://thinking-tester-contact-list.herokuapp.com/contacts/{{contactiD}}",
							"protocol": "https",
							"host": [
								"thinking-tester-contact-list",
								"herokuapp",
								"com"
							],
							"path": [
								"contacts",
								"{{contactiD}}"
							]
						}
					},
					"response": []
				},
				{
					"name": "Delete_Contact",
					"request": {
						"auth": {
							"type": "bearer",
							"bearer": [
								{
									"key": "token",
									"value": "eyJhbGciOiJIUzI1NiIsInR5cCI6IkpXVCJ9.eyJfaWQiOiI2NzU0Njg0ZDFiYWZkYTAwMTMwZTBmMWUiLCJpYXQiOjE3MzM1ODU4Mzl9.Pib6fdrXTPgbTTIf7CUTSFSMnYNdTCkYh4kuH7GUQvA",
									"type": "string"
								}
							]
						},
						"method": "DELETE",
						"header": [],
						"url": {
							"raw": "https://thinking-tester-contact-list.herokuapp.com/contacts/{{contactiD}}",
							"protocol": "https",
							"host": [
								"thinking-tester-contact-list",
								"herokuapp",
								"com"
							],
							"path": [
								"contacts",
								"{{contactiD}}"
							]
						}
					},
					"response": []
				}
			]
		},
		{
			"name": "Negative Tests",
			"item": [
				{
					"name": "Add_Contact-Missing_Required_Field",
					"event": [
						{
							"listen": "test",
							"script": {
								"exec": [
									"pm.test(\"Missing Firstname Error message is returned\", function () {\r",
									"    pm.expect(pm.response.text()).to.include(\"`firstName` is required\");\r",
									"});"
								],
								"type": "text/javascript",
								"packages": {}
							}
						}
					],
					"request": {
						"auth": {
							"type": "bearer",
							"bearer": [
								{
									"key": "token",
									"value": "eyJhbGciOiJIUzI1NiIsInR5cCI6IkpXVCJ9.eyJfaWQiOiI2NzU0Njg0ZDFiYWZkYTAwMTMwZTBmMWUiLCJpYXQiOjE3MzM1ODU4Mzl9.Pib6fdrXTPgbTTIf7CUTSFSMnYNdTCkYh4kuH7GUQvA",
									"type": "string"
								}
							]
						},
						"method": "POST",
						"header": [],
						"body": {
							"mode": "raw",
							"raw": "{\r\n    \"firstName\": \"\",\r\n    \"lastName\": \"Doe\",\r\n    \"birthdate\": \"1970-01-01\",\r\n    \"email\": \"jdoe@fake.com\",\r\n    \"phone\": \"8005555555\",\r\n    \"street1\": \"1 Main St.\",\r\n    \"street2\": \"Apartment A\",\r\n    \"city\": \"Anytown\",\r\n    \"stateProvince\": \"KS\",\r\n    \"postalCode\": \"12345\",\r\n    \"country\": \"USA\"\r\n}",
							"options": {
								"raw": {
									"language": "json"
								}
							}
						},
						"url": {
							"raw": "https://thinking-tester-contact-list.herokuapp.com/contacts",
							"protocol": "https",
							"host": [
								"thinking-tester-contact-list",
								"herokuapp",
								"com"
							],
							"path": [
								"contacts"
							]
						}
					},
					"response": []
				},
				{
					"name": "Add_Contact-Lastname_to_Long",
					"event": [
						{
							"listen": "test",
							"script": {
								"exec": [
									"pm.test(\"Status code is 400\", function () {\r",
									"    pm.response.to.have.status(400);\r",
									"});\r",
									"pm.test(\"last name should not exceed 20 characters validation\", function () {\r",
									"    pm.expect(pm.response.text()).to.include(\"ValidatorError\");\r",
									"});"
								],
								"type": "text/javascript",
								"packages": {}
							}
						}
					],
					"request": {
						"auth": {
							"type": "bearer",
							"bearer": [
								{
									"key": "token",
									"value": "eyJhbGciOiJIUzI1NiIsInR5cCI6IkpXVCJ9.eyJfaWQiOiI2NzU0Njg0ZDFiYWZkYTAwMTMwZTBmMWUiLCJpYXQiOjE3MzM1ODU4Mzl9.Pib6fdrXTPgbTTIf7CUTSFSMnYNdTCkYh4kuH7GUQvA",
									"type": "string"
								}
							]
						},
						"method": "POST",
						"header": [],
						"body": {
							"mode": "raw",
							"raw": "{\r\n        \"firstName\": \"Test\",\r\n        \"lastName\": \"dajsdnSINGATEDSTINGSA\",\r\n        \"birthdate\": \"2024-01-01\",\r\n        \"email\": \"fackuser3@gmail.com\",\r\n        \"phone\": \"8005555555\",\r\n        \"street1\": \"Street3\",\r\n        \"street2\": \"Apartment3\",\r\n        \"city\": \"Anytown\",\r\n        \"stateProvince\": \"KS\",\r\n        \"postalCode\": \"12345\",\r\n        \"country\": \"Country3\",\r\n        \"owner\": \"6754684d1bafda00130e0f1e\",\r\n        \"__v\": 0\r\n    }",
							"options": {
								"raw": {
									"language": "json"
								}
							}
						},
						"url": {
							"raw": "https://thinking-tester-contact-list.herokuapp.com/contacts",
							"protocol": "https",
							"host": [
								"thinking-tester-contact-list",
								"herokuapp",
								"com"
							],
							"path": [
								"contacts"
							]
						}
					},
					"response": []
				},
				{
					"name": "Get_Single_Contact-Not_Found",
					"event": [
						{
							"listen": "test",
							"script": {
								"exec": [
									"pm.test(\"Status code is 404\", function () {\r",
									"    pm.response.to.have.status(404);\r",
									"});"
								],
								"type": "text/javascript",
								"packages": {}
							}
						}
					],
					"request": {
						"auth": {
							"type": "bearer",
							"bearer": [
								{
									"key": "token",
									"value": "eyJhbGciOiJIUzI1NiIsInR5cCI6IkpXVCJ9.eyJfaWQiOiI2NzU0Njg0ZDFiYWZkYTAwMTMwZTBmMWUiLCJpYXQiOjE3MzM1ODU4Mzl9.Pib6fdrXTPgbTTIf7CUTSFSMnYNdTCkYh4kuH7GUQvA",
									"type": "string"
								}
							]
						},
						"method": "GET",
						"header": [],
						"url": {
							"raw": "https://thinking-tester-contact-list.herokuapp.com/contacts/67547ae032233f0013e56527",
							"protocol": "https",
							"host": [
								"thinking-tester-contact-list",
								"herokuapp",
								"com"
							],
							"path": [
								"contacts",
								"67547ae032233f0013e56527"
							]
						}
					},
					"response": []
				},
				{
					"name": "Get_Contact_List-Unauthorized",
					"event": [
						{
							"listen": "test",
							"script": {
								"exec": [
									""
								],
								"type": "text/javascript",
								"packages": {}
							}
						}
					],
					"request": {
						"auth": {
							"type": "bearer",
							"bearer": [
								{
									"key": "token",
									"value": "",
									"type": "string"
								}
							]
						},
						"method": "GET",
						"header": [],
						"url": {
							"raw": "https://thinking-tester-contact-list.herokuapp.com/contacts",
							"protocol": "https",
							"host": [
								"thinking-tester-contact-list",
								"herokuapp",
								"com"
							],
							"path": [
								"contacts"
							]
						}
					},
					"response": []
				},
				{
					"name": "Update_Contact-Invalid_email",
					"request": {
						"auth": {
							"type": "bearer",
							"bearer": [
								{
									"key": "token",
									"value": "eyJhbGciOiJIUzI1NiIsInR5cCI6IkpXVCJ9.eyJfaWQiOiI2NzU0Njg0ZDFiYWZkYTAwMTMwZTBmMWUiLCJpYXQiOjE3MzM1ODU4Mzl9.Pib6fdrXTPgbTTIf7CUTSFSMnYNdTCkYh4kuH7GUQvA",
									"type": "string"
								}
							]
						},
						"method": "PUT",
						"header": [],
						"body": {
							"mode": "raw",
							"raw": "{\r\n    \"firstName\": \"Test\",\r\n    \"lastName\": \"3\",\r\n    \"birthdate\": \"2024-01-01\",\r\n    \"email\": \"fackuser3@gmail\",\r\n    \"phone\": \"8005555555\",\r\n    \"street1\": \"Street3\",\r\n    \"street2\": \"Apartment3\",\r\n    \"city\": \"Anytown\",\r\n    \"stateProvince\": \"KS\",\r\n    \"postalCode\": \"12345\",\r\n    \"country\": \"Country3\"\r\n}",
							"options": {
								"raw": {
									"language": "json"
								}
							}
						},
						"url": {
							"raw": "https://thinking-tester-contact-list.herokuapp.com/contacts/67547ae032233f0013e56529",
							"protocol": "https",
							"host": [
								"thinking-tester-contact-list",
								"herokuapp",
								"com"
							],
							"path": [
								"contacts",
								"67547ae032233f0013e56529"
							]
						}
					},
					"response": []
				},
				{
					"name": "Delete_Contact Copy",
					"request": {
						"auth": {
							"type": "bearer",
							"bearer": [
								{
									"key": "token",
									"value": "eyJhbGciOiJIUzI1NiIsInR5cCI6IkpXVCJ9.eyJfaWQiOiI2NzU0Njg0ZDFiYWZkYTAwMTMwZTBmMWUiLCJpYXQiOjE3MzM1ODU4Mzl9.Pib6fdrXTPgbTTIf7CUTSFSMnYNdTCkYh4kuH7GUQvA",
									"type": "string"
								}
							]
						},
						"method": "DELETE",
						"header": [],
						"url": {
							"raw": "https://thinking-tester-contact-list.herokuapp.com/contacts/{{contactiD}}",
							"protocol": "https",
							"host": [
								"thinking-tester-contact-list",
								"herokuapp",
								"com"
							],
							"path": [
								"contacts",
								"{{contactiD}}"
							]
						}
					},
					"response": []
				}
			]
		}
	],
	"event": [
		{
			"listen": "prerequest",
			"script": {
				"type": "text/javascript",
				"packages": {},
				"exec": [
					""
				]
			}
		},
		{
			"listen": "test",
			"script": {
				"type": "text/javascript",
				"packages": {},
				"exec": [
					"pm.test(\"Response time is less than 3000ms\", function () {\r",
					"    pm.expect(pm.response.responseTime).to.be.below(3000);\r",
					"});"
				]
			}
		}
	]
}