{
	"id": "443c3e4a-8021-4d2b-b8df-a77d62c7ef3a",
	"name": "Contact_List",
	"values": [
		{
			"key": "firstname",
			"value": "Anu",
			"type": "default",
			"enabled": true
		},
		{
			"key": "lastname",
			"value": "sha",
			"type": "default",
			"enabled": true
		},
		{
			"key": "Country",
			"value": "Country_default",
			"type": "default",
			"enabled": true
		},
		{
			"key": "contactiD",
			"value": "6755cad24c4d240013b8393c",
			"type": "default",
			"enabled": true
		},
		{
			"key": "token",
			"value": "",
			"type": "any",
			"enabled": true
		}
	],
	"_postman_variable_scope": "environment",
	"_postman_exported_at": "2024-12-26T06:30:32.544Z",
	"_postman_exported_using": "Postman/11.23.2-241218-1111"
}